ItemNo,Customer name,mobile number,company name,Product name,Material,Length,Width,Height,Thickness,Inner diameter,Outer diameter,Start Date,End Date,Quantity
1,Rupert,7878787784,ashok leyland,gear box,powdered metals,102.67,49.53,19.69,3.14,8.44,15.23,15-06-2022,18-12-2022,1000
2,Yusuf,8956231454, RSB,bearing,carbon steel,102.5,51.42,19.63,50.9,6.5,17.16,17-07-2022,26-10-2022,3500
3,Harvey,7894561201,stotz,oilseals,perbunan,95.37,52.25,21.51,10.15,3.5,5.8,15-04-2022,27-11-2022,4000
4,Ollie,7845128956,planodrives,flywheel,chromium alloy,94.77,49.24,18.6,25.12,2.5,4.8,30-10-2022,25-12-2022,5000
5,Jackson,9636968545,mesh,lock washers,aluminum,104.26,47.9,19.46,0.078,13.14,17.5,18-01-2022,23-10-2022,2500
6,Tobias,9545121425,hero,forgings,nickel,105.18,49.39,20.36,3.5,140.1,265.6,17-04-2022,20-11-2022,3000
7,Nathan,9856235689,reshmi,metal nuts,silicon,97.35,48.05,20.22,4.3,1.5,3.4,15-02-2022,26-12-2022,6000
8,Myles,7845568956,progeasive,hydraulic cylinder,carbon steel,99.35,44.59,21.03,12.5,3.5,5.7,15-03-2022,28-11-2022,7500
9,Mia,6352417898,gear tec,molding washer,EPDM,90.62,47.29,19.78,5.5,17.13,20.5,18-06-2022,23-10-2022,2000
10,Willow,7548124578,cleveland,couplings,stainless steel,97.22,52.14,20.71,3.18,4.5,7.5,17-12-2022,14-12-2022,4500
11,Rosie,8965569856,TVS locus,metal fastener,alloy steel,100,54.76,20.62,12.4,3.7,9.5,19-09-2022,14-12-2022,6000
12,Sophia,7845987454,omni ,brake band,rolled steel,97.23,48.26,19.51,6.4,80,120,15-01-2022,15-12-2022,7000
13,Lily,6985241242,nixon,Valve Body,aluminum alloy,105.72,50.04,20.06,19.06,60.24,75.43,19-08-2022,30-12-2022,1500
14,Emily,9874512456,tremec corporation,oil pan,carbon steel,89.82,45.98,20.3,2.3,40.15,45.18,16-03-2022,19-09-2022,2500
15,Ella,7878787784,borgwarner,output shaft,carbon steel 50 C 12,99.17,53.54,20.25,40.15,20.15,40.25,15-04-2022,18-11-2022,3500
16,Maya,8956231454,ashok leyland,gear box,powdered metals,95.51,45.36,20.52,3.14,8.44,15.23,15-06-2022,18-12-2022,4500
17,Alice,7894561201, RSB,bearing,carbon steel,107.69,48.18,19.33,50.9,6.5,17.16,15-06-2022,18-12-2022,5500
18,Mila,7845128956,stotz,oilseals,perbunan,106.83,50.81,19.12,10.15,3.5,5.8,17-07-2022,26-10-2022,6000
19,Bonnie,9636968545,planodrives,flywheel,chromium alloy,98.73,55.76,19.37,25.12,2.5,4.8,15-04-2022,27-11-2022,5700
20,Eva,9545121425,mesh,lock washers,aluminum,94.31,48.74,18.8,0.078,13.14,17.5,30-10-2022,25-12-2022,2200
21,Erin,9856235689,hero,forgings,nickel,104.87,49.73,19.94,3.5,140.1,265.6,18-01-2022,23-10-2022,3600
22,Zara,7845568956,reshmi,metal nuts,silicon,98.06,48.39,19.79,4.3,1.5,3.4,17-04-2022,20-11-2022,4200
23,Ellie,6352417898,progeasive,hydraulic cylinder,carbon steel,108.45,44.46,22.31,12.5,3.5,5.7,15-02-2022,26-12-2022,5200
24,Gracie,7548124578,gear tec,molding washer,EPDM,95.34,46.03,20.17,5.5,17.13,20.5,15-03-2022,28-11-2022,2600
25,Lyra,8965569856,cleveland,couplings,stainless steel,97.66,50.69,19.54,3.18,4.5,7.5,18-06-2022,23-10-2022,1000
26,Amber,7845987454,TVS locus,metal fastener,alloy steel,102.66,50.76,21.22,12.4,3.7,9.5,17-12-2022,14-12-2022,2500
27,Hannah,6985241242,omni ,brake band,rolled steel,95.69,49.48,17.37,6.4,80,120,19-09-2022,14-12-2022,3000
28,Clara,9874512456,nixon,Valve Body,aluminum alloy,105.88,49.53,18.7,19.06,60.24,75.43,15-01-2022,15-12-2022,2500
29,Holly,7878787784,tremec corporation,oil pan,carbon steel,101.68,52.79,19.42,2.3,40.15,45.18,19-08-2022,30-12-2022,1500
30,Lilly,8956231454,borgwarner,output shaft,carbon steel 50 C 12,93.54,51.05,19.29,40.15,20.15,40.25,16-03-2022,19-09-2022,3500
31,Noah,7894561201,ashok leyland,couplings,stainless steel,99.66,48.4,20.64,3.18,4.5,7.5,15-04-2022,18-11-2022,2000
32,brooks,7845128956, RSB,metal fastener,alloy steel,98.38,46.79,21.27,12.4,3.7,9.5,15-06-2022,18-12-2022,4000
33,joseph,9636968545,stotz,brake band,rolled steel,95.53,53.83,23.11,6.4,80,120,15-06-2022,18-12-2022,3500
34,parker,9545121425,planodrives,Valve Body,aluminum alloy,100.53,50,21.13,19.06,60.24,75.43,17-07-2022,26-10-2022,4500
35,weston,9856235689,mesh,oil pan,carbon steel,95.67,49.64,21.92,2.3,40.15,45.18,15-04-2022,27-11-2022,6500
36,austin,7845568956,hero,output shaft,carbon steel 50 C 12,101.86,50.45,18.05,40.15,20.15,40.25,30-10-2022,25-12-2022,7000
37,declan,6352417898,reshmi,gear box,powdered metals,105.22,54.61,20.64,3.14,8.44,15.23,18-01-2022,23-10-2022,3500
38,micah,7548124578,progeasive,bearing,carbon steel,101.86,49.85,19.15,50.9,6.5,17.16,17-04-2022,20-11-2022,2555
39,kayden,8965569856,gear tec,oilseals,perbunan,97.19,49.9,19.04,10.15,3.5,5.8,15-02-2022,26-12-2022,2000
40,gael,7845987454,cleveland,flywheel,chromium alloy,103,48.81,19.39,25.12,2.5,4.8,15-03-2022,28-11-2022,3500
41,river,6985241242,TVS locus,lock washers,aluminum,100.57,53.52,19.98,0.078,13.14,17.5,18-06-2022,23-10-2022,4500
42,ryder,9874512456,omni ,forgings,nickel,110.54,51.07,21.95,3.5,140.1,265.6,17-12-2022,14-12-2022,5000
43,Chester,7878787784,nixon,metal nuts,silicon,109.22,45.24,20.05,4.3,1.5,3.4,19-09-2022,14-12-2022,1500
44,Kai,8956231454,tremec corporation,hydraulic cylinder,carbon steel,92.52,49.04,19.92,12.5,3.5,5.7,15-01-2022,15-12-2022,2500
45,Rupert,7894561201,borgwarner,molding washer,EPDM,107.05,49.01,18.97,5.5,17.13,20.5,19-08-2022,30-12-2022,3500
46,Yusuf,7845128956,ashok leyland,couplings,stainless steel,106.53,48.55,19.2,3.18,4.5,7.5,16-03-2022,19-09-2022,1000
47,Harvey,9636968545, RSB,metal fastener,alloy steel,101.21,47.61,21.39,12.4,3.7,9.5,15-04-2022,18-11-2022,3500
48,Ollie,9545121425,stotz,brake band,rolled steel,101.09,48.28,20.04,6.4,80,120,15-06-2022,18-12-2022,4000
49,Jackson,9856235689,planodrives,Valve Body,aluminum alloy,95.61,46.3,20.31,19.06,60.24,75.43,15-06-2022,18-12-2022,5000
50,Tobias,7845568956,mesh,oil pan,carbon steel,104.45,48.71,19.51,2.3,40.15,45.18,17-07-2022,26-10-2022,2500
51,Nathan,6352417898,hero,output shaft,carbon steel 50 C 12,93.28,48.08,19.64,40.15,20.15,40.25,15-04-2022,27-11-2022,3000
52,Myles,7548124578,reshmi,couplings,stainless steel,107.67,52.03,20.69,3.18,4.5,7.5,30-10-2022,25-12-2022,6000
53,Mia,8965569856,progeasive,metal fastener,alloy steel,107.5,53.92,20.63,12.4,3.7,9.5,18-01-2022,23-10-2022,7500
54,Willow,7845987454,gear tec,brake band,rolled steel,100.37,54.75,22.51,6.4,80,120,17-04-2022,20-11-2022,2000
55,Rosie,6985241242,cleveland,Valve Body,aluminum alloy,99.77,51.74,19.6,19.06,60.24,75.43,15-02-2022,26-12-2022,4500
56,Sophia,9874512456,TVS locus,oil pan,carbon steel,109.26,50.4,20.46,2.3,40.15,45.18,15-03-2022,28-11-2022,6000
57,Lily,7878787784,omni ,metal nuts,silicon,110.18,51.89,21.36,4.3,1.5,3.4,18-06-2022,23-10-2022,7000
58,Emily,8956231454,nixon,output shaft,carbon steel 50 C 12,102.35,50.55,21.22,40.15,20.15,40.25,17-12-2022,14-12-2022,1500
59,Ella,7894561201,tremec corporation,gear box,powdered metals,104.35,47.09,22.03,3.14,8.44,15.23,19-09-2022,14-12-2022,2500
60,Maya,7845128956,borgwarner,bearing,carbon steel,95.62,49.79,20.78,50.9,6.5,17.16,15-01-2022,15-12-2022,3500
61,Alice,9636968545,ashok leyland,oilseals,perbunan,102.22,54.64,21.71,10.15,3.5,5.8,19-08-2022,30-12-2022,4500
62,Mila,9545121425, RSB,flywheel,chromium alloy,105,57.26,21.62,25.12,2.5,4.8,16-03-2022,19-09-2022,5500
63,Bonnie,9856235689,stotz,lock washers,aluminum,102.23,50.76,20.51,0.078,13.14,17.5,15-04-2022,18-11-2022,6000
64,Eva,7845568956,planodrives,forgings,nickel,110.72,52.54,21.06,3.5,140.1,265.6,15-06-2022,18-12-2022,5700
65,Erin,6352417898,mesh,metal nuts,silicon,94.82,48.48,21.3,4.3,1.5,3.4,15-06-2022,18-12-2022,2200
66,Zara,7548124578,hero,hydraulic cylinder,carbon steel,104.17,56.04,21.25,2.3,40.15,45.18,17-07-2022,26-10-2022,3600
67,Ellie,8965569856,reshmi,molding washer,EPDM,100.51,47.86,21.52,5.5,17.13,20.5,15-04-2022,27-11-2022,4200
68,Gracie,7845987454,progeasive,oil pan,carbon steel,112.69,50.68,20.33,2.3,40.15,45.18,30-10-2022,25-12-2022,5200
69,Lyra,6985241242,gear tec,output shaft,carbon steel 50 C 12,111.83,53.31,20.12,40.15,20.15,40.25,18-01-2022,23-10-2022,2600
70,Amber,9874512456,cleveland,couplings,stainless steel,103.73,58.26,20.37,3.18,4.5,7.5,17-04-2022,20-11-2022,1000
71,Hannah,7878787784,TVS locus,metal fastener,alloy steel,99.31,51.24,19.8,6.4,80,120,15-02-2022,26-12-2022,2500
72,Clara,8956231454,omni ,brake band,rolled steel,109.87,52.23,20.94,6.4,80,120,15-03-2022,28-11-2022,3000
73,Holly,7894561201,nixon,Valve Body,aluminum alloy,103.06,50.89,20.79,19.06,60.24,75.43,18-06-2022,23-10-2022,2500
74,Lilly,7845128956,tremec corporation,oil pan,carbon steel,113.45,46.96,23.31,2.3,40.15,45.18,17-12-2022,14-12-2022,1500
75,Noah,9636968545,borgwarner,output shaft,carbon steel 50 C 12,100.34,48.53,21.17,40.15,20.15,40.25,19-09-2022,14-12-2022,3500
76,Oliver,9545121425,ashok leyland,gear box,powdered metals,102.66,53.19,20.54,3.14,8.44,15.23,15-01-2022,15-12-2022,2000
77,George,9856235689, RSB,bearing,carbon steel,104.17,47.09,19.51,50.9,6.5,17.16,19-08-2022,30-12-2022,4000
78,Arthur,7845568956,stotz,oilseals,perbunan,100.51,51.24,21.17,10.15,3.5,5.8,16-03-2022,19-09-2022,3500
79,Leo,6352417898,planodrives,flywheel,chromium alloy,100.37,48.53,21.39,25.12,2.5,4.8,15-04-2022,18-11-2022,4500
80,Harry,7548124578,mesh,lock washers,aluminum,98.38,54.76,20.64,0.078,13.14,17.5,15-06-2022,18-12-2022,6500
81,Oscar,8965569856,hero,forgings,nickel,102.67,49.53,19.69,3.5,140.1,265.6,15-06-2022,18-12-2022,7000
82,Archie,7845987454,reshmi,metal nuts,silicon,92.19,47.4,18.04,4.3,1.5,3.4,17-07-2022,26-10-2022,3500
83,Henry,6985241242,progeasive,hydraulic cylinder,carbon steel,98,46.31,18.39,2.3,40.15,45.18,15-04-2022,27-11-2022,2555
84,Freddie,9874512456,gear tec,gear box,powdered metals,95.57,51.02,18.98,3.14,8.44,15.23,30-10-2022,25-12-2022,2000
85,Jack,7878787784,cleveland,bearing,carbon steel,105.54,48.57,20.95,50.9,6.5,17.16,18-01-2022,23-10-2022,3500
86,Charlie,8956231454,TVS locus,oilseals,perbunan,104.22,42.74,19.05,10.15,3.5,5.8,17-04-2022,20-11-2022,4500
87,Theo,7894561201,omni ,flywheel,chromium alloy,87.52,46.54,18.92,25.12,2.5,4.8,15-02-2022,26-12-2022,5000
88,Alfie,7845128956,nixon,lock washers,aluminum,102.05,46.51,17.97,0.078,13.14,17.5,15-03-2022,28-11-2022,1500
89,finley,9636968545,tremec corporation,forgings,nickel,101.53,46.05,18.2,3.5,140.1,265.6,18-06-2022,23-10-2022,2500
90,William,9545121425,borgwarner,metal nuts,silicon,96.21,45.11,20.39,4.3,1.5,3.4,17-12-2022,14-12-2022,3500
91,Lucas,9856235689,ashok leyland,hydraulic cylinder,carbon steel,96.09,45.78,19.04,2.3,40.15,45.18,19-09-2022,14-12-2022,3500
92,Roman,7845568956, RSB,molding washer,EPDM,90.61,43.8,19.31,5.5,17.13,20.5,15-01-2022,15-12-2022,2000
93,Tommy,6352417898,stotz,oil pan,carbon steel,99.45,46.21,18.51,2.3,40.15,45.18,19-08-2022,30-12-2022,4000
94,Isaac,7548124578,planodrives,output shaft,carbon steel 50 C 12,88.28,45.58,18.64,40.15,20.15,40.25,16-03-2022,19-09-2022,3500
95,Teddy,8965569856,mesh,flywheel,chromium alloy,102.67,49.53,19.69,25.12,2.5,4.8,15-04-2022,18-11-2022,4500
96,James,7845987454,hero,lock washers,aluminum,102.5,51.42,19.63,0.078,13.14,17.5,15-06-2022,18-12-2022,6500
97,Joshua,6985241242,reshmi,forgings,nickel,95.37,52.25,21.51,3.5,140.1,265.6,15-06-2022,18-12-2022,7000
98,Albie,9874512456,progeasive,metal nuts,silicon,94.77,49.24,18.6,4.3,1.5,3.4,17-07-2022,26-10-2022,3500
99,Max,7878787784,gear tec,hydraulic cylinder,carbon steel,104.26,47.9,19.46,2.3,40.15,45.18,15-04-2022,27-11-2022,2555
100,Mohammed,8956231454,cleveland,gear box,powdered metals,105.18,49.39,20.36,3.14,8.44,15.23,30-10-2022,25-12-2022,2000
101,Mason,7894561201,TVS locus,bearing,carbon steel,97.35,48.05,20.22,50.9,6.5,17.16,18-01-2022,23-10-2022,3500
102,Rory,7845128956,omni ,oilseals,perbunan,108.2,52.15,20.91,10.15,3.5,5.8,17-04-2022,20-11-2022,4500
103,Jude,9636968545,nixon,flywheel,chromium alloy,97.72,50.02,19.26,25.12,2.5,4.8,15-02-2022,26-12-2022,5000
104,Louis,9545121425,tremec corporation,lock washers,aluminum,103.53,48.93,19.61,0.078,13.14,17.5,15-03-2022,28-11-2022,1500
105,Henry,9856235689,borgwarner,forgings,nickel,101.1,53.64,20.2,3.5,140.1,265.6,18-06-2022,23-10-2022,2500
106,jack,7845568956,ashok leyland,oilseals,perbunan,111.07,51.19,22.17,10.15,3.5,5.8,17-12-2022,14-12-2022,3500
107,levi,6352417898, RSB,flywheel,chromium alloy,109.75,45.36,20.27,25.12,2.5,4.8,19-09-2022,14-12-2022,1000
108,alexander,7548124578,stotz,lock washers,aluminum,93.05,49.16,20.14,0.078,13.14,17.5,15-01-2022,15-12-2022,3500
109,william,8965569856,planodrives,forgings,nickel,107.58,49.13,19.19,3.5,140.1,265.6,19-08-2022,30-12-2022,4000
110,noah,7845987454,mesh,metal nuts,silicon,107.06,48.67,19.42,4.3,1.5,3.4,16-03-2022,19-09-2022,5000
111,liam,6985241242,hero,hydraulic cylinder,carbon steel,101.74,47.73,21.61,2.3,40.15,45.18,15-04-2022,18-11-2022,2500
112,jackson,9874512456,reshmi,molding washer,EPDM,101.62,48.4,20.26,5.5,17.13,20.5,15-06-2022,18-12-2022,3000
113,daniel,7878787784,progeasive,couplings,stainless steel,96.14,46.42,20.53,3.18,4.5,7.5,15-06-2022,18-12-2022,6000
114,michael,8956231454,gear tec,metal fastener,alloy steel,104.98,48.83,19.73,6.4,80,120,17-07-2022,26-10-2022,7500
115,mason,7894561201,cleveland,brake band,rolled steel,93.81,48.2,19.86,6.4,80,120,15-04-2022,27-11-2022,2000
116,logan,7845128956,TVS locus,Valve Body,aluminum alloy,108.2,52.15,20.91,19.06,60.24,75.43,30-10-2022,25-12-2022,4500
117,johan,9636968545,omni ,oil pan,carbon steel,108.03,54.04,20.85,2.3,40.15,45.18,18-01-2022,23-10-2022,6000
118,joseph,9545121425,nixon,forgings,nickel,100.9,54.87,22.73,3.5,140.1,265.6,17-04-2022,20-11-2022,7000
119,david,9856235689,tremec corporation,metal nuts,silicon,100.3,51.86,19.82,4.3,1.5,3.4,15-02-2022,26-12-2022,1500
120,luke,7845568956,borgwarner,hydraulic cylinder,carbon steel,109.79,50.52,20.68,2.3,40.15,45.18,15-03-2022,28-11-2022,2500
121,julian,6352417898,ashok leyland,molding washer,EPDM,110.71,52.01,21.58,5.5,17.13,20.5,18-06-2022,23-10-2022,3500
122,hudson,7548124578, RSB,oil pan,carbon steel,102.88,50.67,21.44,2.3,40.15,45.18,17-12-2022,14-12-2022,2200
123,Ezra,8965569856,stotz,output shaft,carbon steel 50 C 12,113.73,54.77,22.13,40.15,20.15,40.25,19-09-2022,14-12-2022,3600
124,luca,7845987454,planodrives,flywheel,chromium alloy,103.25,52.64,20.48,25.12,2.5,4.8,15-01-2022,15-12-2022,4200
125,dylan,6985241242,mesh,lock washers,aluminum,109.06,51.55,20.83,0.078,13.14,17.5,19-08-2022,30-12-2022,5200
126,Erin,9874512456,hero,forgings,nickel,106.63,56.26,21.42,3.5,140.1,265.6,16-03-2022,19-09-2022,2600
127,Zara,7878787784,reshmi,metal nuts,silicon,116.6,53.81,23.39,4.3,1.5,3.4,15-04-2022,18-11-2022,1000
128,Ellie,8956231454,progeasive,hydraulic cylinder,carbon steel,115.28,47.98,21.49,2.3,40.15,45.18,15-06-2022,18-12-2022,2500
129,Gracie,7894561201,gear tec,gear box,powdered metals,98.58,51.78,21.36,3.14,8.44,15.23,15-06-2022,18-12-2022,3000
130,Lyra,7845128956,cleveland,bearing,carbon steel,113.11,51.75,20.41,50.9,6.5,17.16,17-07-2022,26-10-2022,2500
131,Amber,9636968545,TVS locus,oilseals,perbunan,112.59,51.29,20.64,10.15,3.5,5.8,15-04-2022,27-11-2022,1500
132,Hannah,9545121425,omni ,flywheel,chromium alloy,107.27,50.35,22.83,25.12,2.5,4.8,30-10-2022,25-12-2022,3500
133,Clara,9856235689,nixon,lock washers,aluminum,107.15,51.02,21.48,0.078,13.14,17.5,18-01-2022,23-10-2022,2000
134,Holly,7845568956,tremec corporation,hydraulic cylinder,carbon steel,101.67,49.04,21.75,2.3,40.15,45.18,17-04-2022,20-11-2022,4000
135,Lilly,6352417898,borgwarner,gear box,powdered metals,100.23,50.03,20.02,3.14,8.44,15.23,15-02-2022,26-12-2022,3500
136,Noah,7548124578,ashok leyland,bearing,carbon steel,100.08,48.8,20.45,50.9,6.5,17.16,15-03-2022,28-11-2022,4500
137,brooks,8965569856, RSB,oilseals,perbunan,100.67,48.35,20.16,10.15,3.5,5.8,18-06-2022,23-10-2022,6500
138,joseph,7845987454,stotz,flywheel,chromium alloy,99.49,48.44,20.68,25.12,2.5,4.8,17-12-2022,14-12-2022,7000
139,parker,6985241242,planodrives,lock washers,aluminum,99.79,49.88,20.79,0.078,13.14,17.5,19-09-2022,14-12-2022,3500
140,weston,9874512456,mesh,forgings,nickel,99.66,49.72,20.3,3.5,140.1,265.6,15-01-2022,15-12-2022,2555
141,austin,7878787784,hero,oilseals,perbunan,100.08,50.55,20.02,10.15,3.5,5.8,19-08-2022,30-12-2022,2000
142,declan,8956231454,reshmi,flywheel,chromium alloy,101.14,50.16,20.28,25.12,2.5,4.8,16-03-2022,19-09-2022,3500
143,micah,7894561201,progeasive,lock washers,aluminum,101.59,49.66,20.23,0.078,13.14,17.5,15-04-2022,18-11-2022,4500
144,kayden,7845128956,gear tec,forgings,nickel,100.58,48.99,20.32,3.5,140.1,265.6,15-06-2022,18-12-2022,5000
145,gael,9636968545,cleveland,metal nuts,silicon,100.65,48.19,20.81,4.3,1.5,3.4,15-06-2022,18-12-2022,1500
146,river,9545121425,TVS locus,hydraulic cylinder,carbon steel,100.49,48.36,20.27,2.3,40.15,45.18,17-07-2022,26-10-2022,2500
147,ryder,9856235689,omni ,molding washer,EPDM,99.99,48.87,20.38,5.5,17.13,20.5,15-04-2022,27-11-2022,3500
148,Chester,7845568956,nixon,couplings,stainless steel,99.53,48.55,20.71,3.18,4.5,7.5,30-10-2022,25-12-2022,3500
149,Kai,6352417898,tremec corporation,metal fastener,alloy steel,100.98,48.74,20.96,6.4,80,120,18-01-2022,23-10-2022,1000
150,Rupert,7548124578,borgwarner,metal nuts,silicon,100.61,49.69,20.98,4.3,1.5,3.4,17-04-2022,20-11-2022,3500
151,Yusuf,8965569856,ashok leyland,hydraulic cylinder,carbon steel,99.53,48.54,20.21,2.3,40.15,45.18,15-02-2022,26-12-2022,4000
152,Harvey,7845987454, RSB,molding washer,EPDM,99.08,48.88,20.43,5.5,17.13,20.5,15-03-2022,28-11-2022,5000
153,Ollie,6985241242,stotz,oil pan,carbon steel,96.38,48.45,19.51,2.3,40.15,45.18,18-06-2022,23-10-2022,2500
154,Jackson,9874512456,planodrives,output shaft,carbon steel 50 C 12,98.27,52.28,20.24,40.15,20.15,40.25,17-12-2022,14-12-2022,3000
155,Tobias,7878787784,mesh,flywheel,chromium alloy,99.07,52.07,19.08,25.12,2.5,4.8,19-09-2022,14-12-2022,6000
156,Nathan,8956231454,hero,lock washers,aluminum,95.72,48.36,19.58,0.078,13.14,17.5,15-01-2022,15-12-2022,7500
157,Myles,7894561201,reshmi,forgings,nickel,99.65,52.61,18.66,3.5,140.1,265.6,19-08-2022,30-12-2022,2000
158,Mia,7845128956,progeasive,metal nuts,silicon,102.3,47.13,21.19,4.3,1.5,3.4,16-03-2022,19-09-2022,4500
159,Willow,9636968545,gear tec,hydraulic cylinder,carbon steel,94.47,50.04,20.76,3.14,8.44,15.23,15-04-2022,18-11-2022,6000
160,Rosie,9545121425,cleveland,gear box,powdered metals,98.32,48.32,21.43,3.14,8.44,15.23,15-06-2022,18-12-2022,7000
161,Sophia,9856235689,TVS locus,gear box,powdered metals,98.68,51.72,19.29,2.3,40.15,45.18,15-06-2022,18-12-2022,1500
162,Lily,7845568956,omni ,bearing,carbon steel,95.02,52.87,21.98,50.9,6.5,17.16,17-07-2022,26-10-2022,2500
163,Emily,6352417898,nixon,oilseals,perbunan,101.41,51.4,21.32,10.15,3.5,5.8,15-04-2022,27-11-2022,3500
164,Ella,7548124578,tremec corporation,flywheel,chromium alloy,95.32,50.53,19.2,25.12,2.5,4.8,30-10-2022,25-12-2022,4500
165,Maya,8965569856,borgwarner,lock washers,aluminum,99.11,48.15,19.87,0.078,13.14,17.5,18-01-2022,23-10-2022,5500
166,waylon,7845987454,ashok leyland,forgings,nickel,94.52,51.11,18.63,3.5,140.1,265.6,17-04-2022,20-11-2022,6000
167,colton,6985241242, RSB,metal nuts,silicon,102.7,47.06,21.06,4.3,1.5,3.4,15-02-2022,26-12-2022,5700
168,brooks,9874512456,stotz,hydraulic cylinder,carbon steel,98.62,49.4,19.75,2.3,40.15,45.18,15-03-2022,28-11-2022,2200
169,joseph,7878787784,planodrives,molding washer,EPDM,101.05,50.61,19.44,5.5,17.13,20.5,18-06-2022,23-10-2022,3600
170,parker,8956231454,mesh,oil pan,carbon steel,97,51.93,18.61,2.3,40.15,45.18,17-12-2022,14-12-2022,4200
171,weston,7894561201,hero,output shaft,carbon steel 50 C 12,100.5,50,19,40.15,20.15,40.25,19-09-2022,14-12-2022,5200
172,austin,7845128956,reshmi,flywheel,chromium alloy,98.51,49.94,20.6,25.12,2.5,4.8,15-01-2022,15-12-2022,2600
173,declan,9636968545,progeasive,lock washers,aluminum,95.33,47.09,21.47,0.078,13.14,17.5,19-08-2022,30-12-2022,1000
174,micah,9545121425,gear tec,forgings,nickel,97.65,51.93,21.66,3.5,140.1,265.6,16-03-2022,19-09-2022,2500
175,kayden,9856235689,cleveland,metal nuts,silicon,100.03,52.76,20.45,4.3,1.5,3.4,15-04-2022,18-11-2022,3000
176,gael,7845568956,TVS locus,hydraulic cylinder,carbon steel,96.89,50.69,20.42,3.14,8.44,15.23,15-06-2022,18-12-2022,2500
177,river,6352417898,omni ,oil pan,carbon steel,95.55,47.13,21.1,40.15,20.15,40.25,15-06-2022,18-12-2022,1500
178,ryder,7548124578,nixon,output shaft,carbon steel 50 C 12,97.13,49.06,21.21,40.15,20.15,40.25,17-07-2022,26-10-2022,3500
179,kingston,8965569856,tremec corporation,gear box,powdered metals,96.4,47.71,18.72,3.14,8.44,15.23,15-04-2022,27-11-2022,2000
180,sawyer,7845987454,borgwarner,bearing,carbon steel,94.33,48.89,20.2,50.9,6.5,17.16,30-10-2022,25-12-2022,4000
181,evan,6985241242,ashok leyland,oilseals,perbunan,98.95,50.45,18.64,10.15,3.5,5.8,18-01-2022,23-10-2022,3500
182,amir,9874512456, RSB,flywheel,chromium alloy,94.64,47.1,21.63,25.12,2.5,4.8,17-04-2022,20-11-2022,4500
183,jasper,7878787784,stotz,lock washers,aluminum,100.44,50.84,20.57,0.078,13.14,17.5,15-02-2022,26-12-2022,6500
184,luis,8956231454,planodrives,forgings,nickel,102.13,52.5,19.3,3.5,140.1,265.6,15-03-2022,28-11-2022,7000
185,archer,7894561201,mesh,metal nuts,silicon,103.63,50.62,20,4.3,1.5,3.4,18-06-2022,23-10-2022,3500
186,atlas,7845128956,hero,hydraulic cylinder,carbon steel,100.65,52.62,19.32,2.3,40.15,45.18,17-12-2022,14-12-2022,2555
187,jude,9636968545,reshmi,gear box,powdered metals,96.66,50.58,21.63,2.3,40.15,45.18,19-09-2022,14-12-2022,2000
188,ace,9545121425,progeasive,bearing,carbon steel,102.78,52.22,21.71,50.9,6.5,17.16,15-01-2022,15-12-2022,3500
189,tyler,9856235689,gear tec,oilseals,perbunan,97.79,47.34,20.73,10.15,3.5,5.8,19-08-2022,30-12-2022,3500
190,dean,7845568956,cleveland,flywheel,chromium alloy,100.26,51.19,18.55,25.12,2.5,4.8,16-03-2022,19-09-2022,2000
191,matteo,6352417898,TVS locus,lock washers,aluminum,102.45,48.01,18.7,0.078,13.14,17.5,15-04-2022,18-11-2022,4000
192,juan,7548124578,omni ,forgings,nickel,103.24,51.5,21.02,3.5,140.1,265.6,15-06-2022,18-12-2022,3500
193,gavin,8965569856,nixon,forgings,nickel,100.81,50.17,20.08,3.5,140.1,265.6,15-06-2022,18-12-2022,4500
194,hayden,7845987454,tremec corporation,metal nuts,silicon,99.77,50.97,20.08,3.14,8.44,15.23,17-07-2022,26-10-2022,6500
195,justin,6985241242,borgwarner,hydraulic cylinder,carbon steel,100.76,49.91,20.97,40.15,20.15,40.25,15-04-2022,27-11-2022,7000
196,tucker,9874512456,ashok leyland,molding washer,EPDM,95.49,51.51,19.12,5.5,17.13,20.5,30-10-2022,25-12-2022,3500
197,brandon,7878787784, RSB,couplings,stainless steel,103.01,50.76,20.57,3.18,4.5,7.5,18-01-2022,23-10-2022,2555
198,kevin,8956231454,stotz,metal fastener,alloy steel,99.55,48.08,19.28,6.4,80,120,17-04-2022,20-11-2022,2000
199,xander,7894561201,planodrives,metal nuts,silicon,101.83,50.46,18.79,4.3,1.5,3.4,15-02-2022,26-12-2022,3500
200,arlo,7845128956,mesh,hydraulic cylinder,carbon steel,101.82,49.56,21.7,2.3,40.15,45.18,15-03-2022,28-11-2022,4500
201,felix,9636968545,hero,molding washer,EPDM,101.47,50.82,18.79,5.5,17.13,20.5,18-06-2022,23-10-2022,5000
202,amari,9545121425,reshmi,oil pan,carbon steel,99.86,48.4,19,2.3,40.15,45.18,17-12-2022,14-12-2022,1500
203,jesse,9856235689,progeasive,output shaft,carbon steel 50 C 12,100.67,51.11,21.56,40.15,20.15,40.25,19-09-2022,14-12-2022,2500
204,peter,7845568956,gear tec,flywheel,chromium alloy,101.12,47.64,21.4,25.12,2.5,4.8,15-01-2022,15-12-2022,3500
205,richard,6352417898,cleveland,lock washers,aluminum,96.46,48.73,19.36,0.078,13.14,17.5,19-08-2022,30-12-2022,1000
206,edward,7548124578,TVS locus,forgings,nickel,99.98,52.6,20.36,3.5,140.1,265.6,16-03-2022,19-09-2022,3500
207,colton,8965569856,omni ,metal nuts,silicon,99.1,48.34,21.4,4.3,1.5,3.4,15-04-2022,18-11-2022,4000
208,knox,7845987454,nixon,hydraulic cylinder,carbon steel,94,52.64,19.68,2.3,40.15,45.18,15-06-2022,18-12-2022,5000
209,caden,6985241242,tremec corporation,lock washers,aluminum,103.39,50.29,21.9,0.078,13.14,17.5,15-06-2022,18-12-2022,2500
210,nash,9874512456,borgwarner,forgings,nickel,102.19,49.57,19.19,3.5,140.1,265.6,17-07-2022,26-10-2022,3000
211,zane,7878787784,ashok leyland,oilseals,perbunan,99.57,51.09,20.48,10.15,3.5,5.8,15-04-2022,27-11-2022,6000
212,simon,8956231454, RSB,flywheel,chromium alloy,96.92,52.94,18.56,25.12,2.5,4.8,30-10-2022,25-12-2022,7500
213,joseph,7894561201,stotz,lock washers,aluminum,97.82,50.44,20.71,0.078,13.14,17.5,18-01-2022,23-10-2022,2000
214,david,7845128956,planodrives,forgings,nickel,97.27,52.03,20,3.5,140.1,265.6,17-04-2022,20-11-2022,4500
215,luke,9636968545,mesh,metal nuts,silicon,97.07,52.54,21.33,4.3,1.5,3.4,15-02-2022,26-12-2022,6000
216,julian,9545121425,hero,hydraulic cylinder,carbon steel,94.09,48.89,18.63,2.3,40.15,45.18,15-03-2022,28-11-2022,7000
217,hudson,9856235689,reshmi,molding washer,EPDM,98.7,52.57,20.04,5.5,17.13,20.5,18-06-2022,23-10-2022,1500
218,Ezra,7845568956,progeasive,couplings,stainless steel,99.42,48.71,19.94,3.18,4.5,7.5,17-12-2022,14-12-2022,2500
219,luca,6352417898,gear tec,metal fastener,alloy steel,95.9,49.08,19.46,6.4,80,120,19-09-2022,14-12-2022,3500
220,dylan,7548124578,cleveland,brake band,rolled steel,99.72,47.48,20.65,6.4,80,120,15-01-2022,15-12-2022,3500
221,linclon,8965569856,TVS locus,Valve Body,aluminum alloy,95.2,49.69,18.78,19.06,60.24,75.43,19-08-2022,30-12-2022,2000
222,thomas,7845987454,omni ,oil pan,carbon steel,101.27,48.46,20.68,2.3,40.15,45.18,16-03-2022,19-09-2022,4000
223,jaxon,6985241242,nixon,forgings,nickel,102.24,47.75,19.45,3.5,140.1,265.6,15-04-2022,18-11-2022,3500
224,nathan,9874512456,tremec corporation,metal nuts,silicon,95.31,52.09,19.93,4.3,1.5,3.4,15-06-2022,18-12-2022,4500
225,nolan,7878787784,borgwarner,oil pan,carbon steel,100.92,52.01,20.98,2.3,40.15,45.18,15-06-2022,18-12-2022,6500
226,eli,8956231454,ashok leyland,output shaft,carbon steel 50 C 12,96.07,52.25,20.29,40.15,20.15,40.25,17-07-2022,26-10-2022,7000
227,angel,7894561201, RSB,gear box,powdered metals,98.84,51.99,21.14,3.14,8.44,15.23,15-04-2022,27-11-2022,3500
228,cooper,7845128956,stotz,bearing,carbon steel,95.78,51.33,19.19,2.3,40.15,45.18,30-10-2022,25-12-2022,2555
229,archer,9636968545,planodrives,oilseals,perbunan,102.03,48,20.93,10.15,3.5,5.8,18-01-2022,23-10-2022,2000
230,atlas,9545121425,mesh,flywheel,chromium alloy,98.69,47.05,20.74,25.12,2.5,4.8,17-04-2022,20-11-2022,3500
231,jude,9856235689,hero,lock washers,aluminum,96.14,47.96,21.97,0.078,13.14,17.5,15-02-2022,26-12-2022,4500
232,ace,7845568956,reshmi,forgings,nickel,99.34,48.43,18.77,3.5,140.1,265.6,15-03-2022,28-11-2022,5000
233,tyler,6352417898,progeasive,metal nuts,silicon,102.81,51.4,18.9,4.3,1.5,3.4,18-06-2022,23-10-2022,1500
234,dean,7548124578,gear tec,hydraulic cylinder,carbon steel,97.97,48.91,19.18,50.9,6.5,17.16,17-12-2022,14-12-2022,2500
235,matteo,8965569856,cleveland,gear box,powdered metals,102.75,52.4,18.66,3.14,8.44,15.23,19-09-2022,14-12-2022,3500
236,juan,7845987454,TVS locus,bearing,carbon steel,100.25,47.87,19.01,50.9,6.5,17.16,15-01-2022,15-12-2022,1000
237,gavin,6985241242,omni ,oilseals,perbunan,103.28,49.15,18.57,10.15,3.5,5.8,19-08-2022,30-12-2022,3500
238,hayden,9874512456,nixon,flywheel,chromium alloy,94.42,50.85,20.91,25.12,2.5,4.8,16-03-2022,19-09-2022,4000
239,justin,7878787784,tremec corporation,lock washers,aluminum,96.41,48.91,21.24,0.078,13.14,17.5,15-04-2022,18-11-2022,5000
240,tucker,8956231454,borgwarner,forgings,nickel,100.79,52.39,21.66,3.5,140.1,265.6,15-06-2022,18-12-2022,2500
241,brandon,7894561201,ashok leyland,flywheel,chromium alloy,95.82,48.23,20.02,25.12,2.5,4.8,15-06-2022,18-12-2022,3000
242,kevin,7845128956, RSB,lock washers,aluminum,96.74,50.7,21.66,0.078,13.14,17.5,17-07-2022,26-10-2022,6000
243,xander,9636968545,stotz,forgings,nickel,103.68,51.96,20.19,3.5,140.1,265.6,15-04-2022,27-11-2022,7500
244,arlo,9545121425,planodrives,metal nuts,silicon,102.73,52.35,19.03,4.3,1.5,3.4,30-10-2022,25-12-2022,2000
245,Maya,9856235689,mesh,hydraulic cylinder,carbon steel,103.06,51.33,20.31,50.9,6.5,17.16,18-01-2022,23-10-2022,4500
246,Alice,7845568956,hero,molding washer,EPDM,95.83,48.45,20.91,5.5,17.13,20.5,17-04-2022,20-11-2022,6000
247,Mila,6352417898,reshmi,couplings,stainless steel,99.96,52.55,19.15,3.18,4.5,7.5,15-02-2022,26-12-2022,7000
248,Bonnie,7548124578,progeasive,metal fastener,alloy steel,100.84,48.86,20.35,12.4,3.7,9.5,15-03-2022,28-11-2022,1500
249,Eva,8965569856,gear tec,brake band,rolled steel,96.28,50.02,19.9,6.4,80,120,18-06-2022,23-10-2022,2500
250,Erin,7845987454,cleveland,Valve Body,aluminum alloy,97.09,51.34,21.38,25.12,2.5,4.8,17-12-2022,14-12-2022,3500
251,Zara,6985241242,TVS locus,oil pan,carbon steel,98.93,52.66,21.13,50.9,6.5,17.16,19-09-2022,14-12-2022,4000
252,Ellie,9874512456,omni ,output shaft,carbon steel 50 C 12,102.7,52.01,21.42,40.15,20.15,40.25,15-01-2022,15-12-2022,5000
253,Gracie,7878787784,nixon,couplings,stainless steel,98.19,49.37,18.58,3.18,4.5,7.5,19-08-2022,30-12-2022,2500
254,Lyra,8956231454,tremec corporation,metal fastener,alloy steel,97.05,48.22,20.47,12.4,3.7,9.5,16-03-2022,19-09-2022,3000
255,Amber,7894561201,borgwarner,brake band,rolled steel,94.76,49.77,19.28,6.4,80,120,15-04-2022,18-11-2022,6000
256,Hannah,7845128956,ashok leyland,Valve Body,aluminum alloy,99.96,47.8,19.06,25.12,2.5,4.8,15-06-2022,18-12-2022,7500
257,Clara,9636968545, RSB,metal nuts,silicon,94.07,52.74,19.44,4.3,1.5,3.4,15-06-2022,18-12-2022,2000
258,Holly,9545121425,stotz,hydraulic cylinder,carbon steel,95.77,47.24,21.86,50.9,6.5,17.16,17-07-2022,26-10-2022,4500
259,Lilly,9856235689,planodrives,molding washer,EPDM,97.63,52.96,21.08,5.5,17.13,20.5,15-04-2022,27-11-2022,6000
260,Noah,7845568956,mesh,couplings,stainless steel,95.22,48.81,20.66,3.18,4.5,7.5,30-10-2022,25-12-2022,7000
261,Oliver,6352417898,hero,metal fastener,alloy steel,97.85,49.65,19.04,12.4,3.7,9.5,18-01-2022,23-10-2022,1500
262,George,7548124578,reshmi,metal nuts,silicon,99.07,48.91,20.17,4.3,1.5,3.4,17-04-2022,20-11-2022,2500
263,Arthur,8965569856,progeasive,hydraulic cylinder,carbon steel,98.38,47.39,20.3,50.9,6.5,17.16,15-02-2022,26-12-2022,3500
264,Leo,7845987454,gear tec,molding washer,EPDM,94.29,50.49,21.48,5.5,17.13,20.5,15-03-2022,28-11-2022,4500
265,Harry,6985241242,cleveland,oil pan,carbon steel,95.86,50.08,20.12,50.9,6.5,17.16,18-06-2022,23-10-2022,5500
266,Oscar,9874512456,TVS locus,output shaft,carbon steel 50 C 12,99.69,50.98,21.57,40.15,20.15,40.25,17-12-2022,14-12-2022,6000
267,Archie,7878787784,omni ,flywheel,chromium alloy,100.59,47.46,19.7,25.12,2.5,4.8,19-09-2022,14-12-2022,5700
268,Henry,8956231454,nixon,lock washers,aluminum,103.02,52.04,20.43,0.078,13.14,17.5,15-01-2022,15-12-2022,2200
269,Freddie,7894561201,tremec corporation,forgings,nickel,101.31,52.53,21.53,3.5,140.1,265.6,19-08-2022,30-12-2022,3600
270,Jack,7845128956,borgwarner,metal nuts,silicon,98.86,47.46,18.64,4.3,1.5,3.4,16-03-2022,19-09-2022,4200
271,Charlie,9636968545,ashok leyland,hydraulic cylinder,carbon steel,103.54,47.85,20.01,50.9,6.5,17.16,15-04-2022,18-11-2022,5200
272,Theo,9545121425, RSB,lock washers,aluminum,99.46,51.89,19.77,0.078,13.14,17.5,15-06-2022,18-12-2022,2600
273,Alfie,9856235689,stotz,forgings,nickel,97.98,50.05,21.39,3.5,140.1,265.6,15-06-2022,18-12-2022,1000
274,finley,7845568956,planodrives,oilseals,perbunan,96.14,52.13,20.78,10.15,3.5,5.8,17-07-2022,26-10-2022,2500
275,William,6352417898,mesh,flywheel,chromium alloy,103.55,47.6,21.39,25.12,2.5,4.8,15-04-2022,27-11-2022,3000
276,Lucas,7548124578,hero,lock washers,aluminum,95.18,48.04,19.87,0.078,13.14,17.5,30-10-2022,25-12-2022,2500
277,Roman,8965569856,reshmi,forgings,nickel,98.77,49.23,21.15,3.5,140.1,265.6,18-01-2022,23-10-2022,1500
278,Tommy,7845987454,progeasive,gear box,powdered metals,99,50,18.54,3.14,8.44,15.23,17-04-2022,20-11-2022,3500
279,Isaac,6985241242,gear tec,bearing,carbon steel,99.95,51.93,19.75,50.9,6.5,17.16,15-02-2022,26-12-2022,2000
280,Teddy,9874512456,cleveland,oilseals,perbunan,100.4,48.97,21.65,10.15,3.5,5.8,15-03-2022,28-11-2022,4000
281,James,7878787784,TVS locus,flywheel,chromium alloy,99.72,49.44,19.97,25.12,2.5,4.8,18-06-2022,23-10-2022,3500
282,Joshua,8956231454,omni ,lock washers,aluminum,100.82,52.92,19.56,0.078,13.14,17.5,17-12-2022,14-12-2022,4500
283,Albie,7894561201,nixon,forgings,nickel,95.02,50.35,20.31,3.5,140.1,265.6,19-09-2022,14-12-2022,6500
284,Max,7845128956,tremec corporation,metal nuts,silicon,103,48.59,18.91,4.3,1.5,3.4,15-01-2022,15-12-2022,7000
285,Mohammed,9636968545,borgwarner,hydraulic cylinder,carbon steel,102.69,47.55,19.99,50.9,6.5,17.16,19-08-2022,30-12-2022,3500
286,Mason,9545121425,ashok leyland,gear box,powdered metals,97.04,51.01,20.69,3.14,8.44,15.23,16-03-2022,19-09-2022,2555
287,Rory,9856235689, RSB,bearing,carbon steel,99.13,50.81,19.51,50.9,6.5,17.16,15-04-2022,18-11-2022,2000
288,Jude,7845568956,stotz,oilseals,perbunan,98.08,50.29,21.91,10.15,3.5,5.8,15-06-2022,18-12-2022,3500
289,Louis,6352417898,planodrives,flywheel,chromium alloy,103.38,47.05,20.23,25.12,2.5,4.8,15-06-2022,18-12-2022,3500
290,Henry,7548124578,mesh,lock washers,aluminum,99.76,50.37,18.6,0.078,13.14,17.5,17-07-2022,26-10-2022,2000
291,jack,8965569856,hero,forgings,nickel,96.38,51.29,19.79,3.5,140.1,265.6,15-04-2022,27-11-2022,4000
292,levi,7845987454,reshmi,forgings,nickel,95.15,49.77,18.81,3.5,140.1,265.6,30-10-2022,25-12-2022,3500
293,alexander,6985241242,progeasive,metal nuts,silicon,103.74,50.23,19.03,4.3,1.5,3.4,18-01-2022,23-10-2022,4500
294,william,9874512456,gear tec,hydraulic cylinder,carbon steel,95.75,52.17,20.67,50.9,6.5,17.16,17-04-2022,20-11-2022,6500
295,noah,7878787784,cleveland,gear box,powdered metals,101.95,50.22,18.78,3.14,8.44,15.23,15-02-2022,26-12-2022,7000
296,liam,8956231454,TVS locus,bearing,carbon steel,103.46,51.16,20.79,50.9,6.5,17.16,15-03-2022,28-11-2022,3500
297,jackson,7894561201,omni ,oilseals,perbunan,94.81,47.79,18.99,10.15,3.5,5.8,18-06-2022,23-10-2022,2555
298,daniel,7845128956,nixon,flywheel,chromium alloy,101.85,49.87,20.97,25.12,2.5,4.8,17-12-2022,14-12-2022,2000
299,michael,9636968545,tremec corporation,lock washers,aluminum,101.93,48.31,21.54,0.078,13.14,17.5,19-09-2022,14-12-2022,3500
300,mason,9545121425,borgwarner,forgings,nickel,102.1,52.19,18.62,3.5,140.1,265.6,15-01-2022,15-12-2022,4500
301,logan,9856235689,ashok leyland,oilseals,perbunan,98.03,47.68,19.08,10.15,3.5,5.8,19-08-2022,30-12-2022,5000
302,johan,7845568956, RSB,flywheel,chromium alloy,98.36,51.88,21.84,25.12,2.5,4.8,16-03-2022,19-09-2022,1500
303,joseph,6352417898,stotz,lock washers,aluminum,101.53,47.35,20.63,0.078,13.14,17.5,15-04-2022,18-11-2022,2500
304,david,7548124578,planodrives,forgings,nickel,102.68,52.8,19.52,3.5,140.1,265.6,15-06-2022,18-12-2022,3500
305,luke,8965569856,mesh,metal nuts,silicon,94.1,50.48,21.02,4.3,1.5,3.4,15-06-2022,18-12-2022,1000
306,julian,7845987454,hero,hydraulic cylinder,carbon steel,103.6,51.61,20.48,50.9,6.5,17.16,17-07-2022,26-10-2022,3500
307,hudson,6985241242,reshmi,molding washer,EPDM,97.91,49.17,19.69,5.5,17.13,20.5,15-04-2022,27-11-2022,4500
308,Ezra,9874512456,progeasive,couplings,stainless steel,97.97,49.95,19.35,3.18,4.5,7.5,30-10-2022,25-12-2022,5000
309,luca,6985259856,gear tec,metal fastener,alloy steel,100.84,52.46,20.85,12.4,3.7,9.5,18-01-2022,23-10-2022,1500
310,dylan,6532568956,cleveland,forgings,nickel,102.06,52.35,19.09,3.5,140.1,265.6,17-04-2022,20-11-2022,2500
311,Erin,9658956231,TVS locus,gear box,powdered metals,96.17,49.11,21.93,3.14,8.44,15.23,15-02-2022,26-12-2022,3500
311,Erin,9658956231,TVS locus,gear ,powdered,96.17,49.11,21.93,3.14,8.44,15.23,15-02-2022,26-12-2022,3500
